split_strategy,model,rmse,mae,r2
random,baseline_dummy_mean,295.8172889576291,253.32498711806903,-3.1300946419232645e-06
random,champion_random_forest,49.45026215011236,30.094259332023874,0.9720558148170815

