split_strategy,model,rmse,mae,r2
time,baseline_dummy_mean,352.1334011435044,310.29241221092883,-0.052609984483190875
time,champion_random_forest,68.99401518619644,39.53655354073081,0.9595912066453537
sequence,lstm_model,111.2043991966038,70.40542937697215,0.894330403671501
