split_strategy,model,rmse,mae,r2
random,baseline_dummy_mean,295.8172889576291,253.32498711806903,-3.1300946419232645e-06
random,champion_random_forest,49.45026215011236,30.094259332023874,0.9720558148170815
time,baseline_dummy_mean,352.1334011435044,310.29241221092883,-0.052609984483190875
time,champion_random_forest,69.39163784197947,39.783606656844,0.9591241008759394

