model,rmse,mae,r2
baseline_dummy_mean,295.8172889576291,253.32498711806903,-3.1300946419232645e-06
champion_random_forest,102.9104244096249,59.018355114720755,0.8789755848285107
