split_strategy,model,rmse,mae,r2,weighted_mse
sequence,baseline_weekly_naive,110.56954801624029,61.943000242900446,0.8946143848715596,168.40235434584034
sequence,lstm_model,106.57768987722693,71.40272130053302,0.902086433245663,155.0428466766855
