split_strategy,model,rmse,mae,r2
time,baseline_dummy_mean,352.1334011435044,310.2924122109288,-0.052609984483190875
time,champion_random_forest,68.98842011684695,39.528401612882405,0.9595977602814381
sequence,lstm_model,106.03562910403849,66.26000327765568,0.9038455267645598
