,traffic_count_total,temp_f,wind_speed_mph,snow_depth_in
count,69720.0,20043.0,20025.0,17341.0
mean,379.46329604130807,25.532518002960302,2.9477265917602997,50.39324635257482
std,296.44048664181224,9.92689670103222,1.876320432057615,32.388968127834644
min,0.0,-40.0,0.0,0.0
25%,73.0,18.675,1.65,25.76
50%,383.0,25.7,2.65,43.917500000000004
75%,602.0,32.225,3.9000000000000004,71.7425
max,2042.0,56.650000000000006,16.325,145.975
